query,clicks,impressions,position
upholstery cleaning gold coast,0,188,70.1
carpet cleaning coomera,0,127,52.1
couch cleaning gold coast,0,100,74.4
carpet cleaning helensvale,0,95,53.6
couch cleaning coomera,0,80,47.9
carpet cleaning pimpama,0,72,45.8
carpet cleaning ormeau,0,59,49.9
carpet cleaning upper coomera,0,42,25.0
carpet cleaning north gold coast,0,41,69.1
fabric upholstery cleaning gold coast,0,39,81.0
end of lease carpet cleaning gold coast,0,37,89.1
carpet cleaning gold coast cost,0,36,59.0
carpet cleaning hope island,0,35,50.8
carpet cleaning clear island waters,0,33,60.1
how much does carpet cleaning cost gold coast,0,31,71.4
carpet cleaning oxenford,0,30,47.2
carpet cleaning pacific pines,0,29,39.8
same day carpet cleaning gold coast,0,27,69.8
carpet cleaning sanctuary cove,0,26,12.4
carpet cleaning ormeau hills,0,26,71.0
carpet repair coomera,0,25,71.8
mattress cleaning coomera,0,24,85.1
carpet cleaning gold coast prices,0,23,61.1
carpet cleaning pacific paradise,0,19,76.0
how much does carpet cleaning cost,0,18,91.2
carpet cleaning wongawallan,0,16,55.2
couch cleaning hope island,0,15,57.7
couch cleaning upper coomera,0,14,63.6
couch cleaning helensvale,0,14,66.3
carpet repair pimpama,0,14,80.2
couch cleaning surfers paradise,0,14,80.4
couch cleaning pimpama,0,14,83.5
upholstery cleaning hope island,0,13,60.5
couch cleaning ormeau,0,13,62.7
carpet repair sanctuary cove,0,13,78.1
couch cleaning burleigh heads,0,13,86.8
end of least carpet cleaning gold coast,0,13,89.6
carpet cleaners oxenford,0,12,37.9
carpet repair hope island,0,12,72.3
curtain cleaning sanctuary cove,0,12,77.7
carpet repair upper coomera,0,12,78.4
upholstery cleaning ormeau,0,12,84.8
carpet repair oxenford,0,11,67.4
carpet repair ormeau,0,11,81.2
area rug cleaning pet urine,0,11,86.7
carpet cleaning mount nathan,0,11,87.1
couch cleaning,0,10,51.2
rug cleaning coomera,0,10,53.2
couch cleaning wongawallan,0,10,56.9
upholstery cleaning oxenford,0,10,73.1
carpet repair ormeau hills,0,10,86.0
carpet cleaning paradise point,0,10,92.5
quick dry carpet cleaning,0,9,42.0
couch cleaning oxenford,0,8,58.9
pimpama bay carpet cleaning professionals,0,8,73.1
upholstery cleaning helensvale,0,8,78.4
carpet cleaners pacific pines,0,7,20.7
carpet cleaning services pimpama,0,7,51.0
carpet dry cleaning oxenford,0,7,56.1
curtain cleaning pacific pines,0,7,79.7
upholstery cleaning surfers paradise,0,7,93.7
carpet steam cleaning pacific pines,0,6,20.2
carpet cleaners helensvale,0,6,44.3
couch cleaning pacific pines,0,6,52.8
carpet cleaning clagiraba,0,6,56.7
sofa cleaning gold coast,0,6,73.0
upholstery cleaning pacific pines,0,6,79.2
couch cleaning carrara,0,6,85.0
couch cleaning hope valley,0,6,87.8
mattress cleaning upper coomera,0,6,88.7
carpet cleaning kingsholme,0,6,90.0
rust and iron stain removal queensland,0,5,60.6
carpet steam cleaning oxenford,0,5,65.2
clean upholstery with carpet cleaner gold coast,0,5,76.8
couch cleaning chevron island,0,5,85.6
carpet cleaning gilston,0,5,89.0
couch cleaning elanora,0,5,90.8
mattress cleaning oxenford,0,5,90.8
carpet cleaning surfers paradise,0,5,92.2
quick carpet cleaning,0,4,4.0
couch cleaning sanctuary cove,0,4,45.0
local carpet cleaner in pimpama,0,4,46.8
stain removal gold coast,0,4,54.0
carpet cleaning prices gold coast,0,4,69.2
upholstery cleaning coomera,0,4,85.2
couch cleaning paradise point,0,4,85.8
carpet cleaning neranwood,0,4,87.0
carpet repair helensvale,0,4,96.0
couch cleaning mount nathan,0,4,96.8
carpet repair paradise point,0,4,99.5
island carpet cleaning,0,3,35.3
how to break down uric acid in carpet,0,3,38.3
carpet smell baking soda,0,3,53.3
carpet cleaning in pimpama,0,3,54.7
carpet cleaning moores pocket,0,3,75.3
carpet cleaning stapylton,0,3,76.7
carpet repair pacific pines,0,3,80.7
carpet stain removal gold coast,0,3,83.7
mattress cleaning pacific pines,0,3,84.7
couch cleaning burleigh waters,0,3,85.7
couch cleaning ormeau hills,0,3,86.0
couch cleaning coolangatta,0,3,87.0
couch cleaning runaway bay,0,3,88.3
mattress cleaner in pimpama,0,3,89.7
carpet cleaning experts in pimpama,0,3,90.3
curtain cleaning hope island,0,3,91.0
couch cleaning gilston,0,3,91.3
carpet cleaning hollywell,0,3,94.7
stain solutions,0,2,36.5
does baking soda work on carpet odors,0,2,45.0
baking soda odor carpet,0,2,50.5
baking soda for carpet odor,0,2,52.5
baking soda on carpet for odor,0,2,53.5
carpet steam cleaning helensvale,0,2,57.0
carpet odor,0,2,57.5
couch cleaner gold coast,0,2,77.5
couch cleaning gaven,0,2,84.0
end of lease pest control gold coast,0,2,88.0
carpet cleaning benowa,0,2,93.0
couch cleaning benowa,0,2,93.5
pet stain removal,0,2,94.0
pet stains,0,2,94.5
carpet cleaning gold coast,0,1,1.0
does baking soda remove odor from carpet,0,1,1.0
how does baking soda deodorize carpet,0,1,1.0
professional sheepskin rug cleaning,0,1,1.0
will baking soda remove smell from carpet,0,1,1.0
how to absorb water from carpet,0,1,3.0
quick clean carpet care,0,1,7.0
fast carpet cleaning,0,1,9.0
mikes carpet cleaning,0,1,10.0
rta carpet cleaning,0,1,14.0
carpet dry cleaning pacific pines,0,1,25.0
quick carpet cleaner,0,1,42.0
baking soda deodorizer carpet,0,1,46.0
baking soda for carpet smells,0,1,46.0
carpet baking soda deodorizer,0,1,46.0
blinds cleaning sanctuary cove,0,1,47.0
bond carpet clean and pest control gold coast,0,1,48.0
same-day carpet cleaning gold coast,0,1,48.0
baking soda for deodorizing carpet,0,1,49.0
baking soda for smells in carpets,0,1,49.0
baking soda carpet odor,0,1,51.0
carpet cleaning pest control gold coast,0,1,54.0
carpet odor baking soda,0,1,55.0
rug cleaning gold coast prices,0,1,61.0
rug cleaning ormeau,0,1,63.0
upholstery cleaning upper coomera,0,1,64.0
carpet odors,0,1,66.0
carpet cleaning gold coast pet stains,0,1,68.0
lounge cleaning gold coast,0,1,69.0
couch cleaning hopevalley,0,1,71.0
carpet dry cleaning helensvale,0,1,73.0
hope island cleaning services,0,1,73.0
urine sofa cleaning,0,1,73.0
rug cleaning oxenford,0,1,80.0
carpet cleaning and pest control gold coast,0,1,81.0
mattress cleaning hope island,0,1,82.0
upholstery cleaning pimpama,0,1,83.0
bond cleaning upper coomera,0,1,85.0
exit cleaning gold coast,0,1,86.0
rug cleaning pimpama,0,1,89.0
upholstery cleaning service gold coast,0,1,89.0
couch cleaning stapylton,0,1,94.0
get a quote for commercial movehelensvale,0,1,97.0
